{"schemaVersion":"1.0","appDefinitionTemplate":{"id":"/providers/Microsoft.PowerApps/apps/","type":"Microsoft.PowerApps/apps","tags":{"primaryDeviceWidth":"640","primaryDeviceHeight":"1136","sienaVersion":"20221202T173855Z-3.22111.28.0","deviceCapabilities":"","supportsPortrait":"true","supportsLandscape":"true","primaryFormFactor":"Phone","publisherVersion":"3.22111.28","minimumRequiredApiVersion":"2.2.0","hasComponent":"true","hasUnlockedComponent":"true","isUnifiedRootApp":"false"},"properties":{"appVersion":"2022-12-02T17:38:55Z","lifeCycleId":"Published","createdByClientVersion":{"major":3,"minor":22111,"build":28,"revision":0,"majorRevision":0,"minorRevision":0},"minClientVersion":{"major":3,"minor":22111,"build":28,"revision":0,"majorRevision":0,"minorRevision":0},"backgroundColor":"rgba(128, 128, 128, 1)","backgroundImageUri":"/15063889159115438388/Ne28656c9-d6da-4387-bec6-aa789b29ba6c-logoSmallFile","displayName":"Bingo","description":"","commitMessage":"","appUris":{"documentUri":{"value":"/15063889159115438388/Na807c1ee-6bfe-462a-990c-09d0ac9e08ee-document.msapp"},"imageUris":[],"additionalUris":[]},"createdTime":"0001-01-01T00:00:00Z","lastModifiedTime":"0001-01-01T00:00:00Z","sharedGroupsCount":0,"sharedUsersCount":0,"icons":{"smallIconUri":"/15063889159115438388/Nd045b47a-c283-4399-87c5-336cb291ed45-small.png","mediumIconUri":"/15063889159115438388/N5d2361d4-f89c-4618-8ffb-a8fa6a75ab37-medium.png","largeIconUri":"/15063889159115438388/N53a27d0e-b61e-4878-8dd5-99528a1ff8ed-large.png","wideIconUri":"/15063889159115438388/N9675f149-daec-4cdd-b827-42b014579a36-wide.png"},"connectionReferences":{},"databaseReferences":{},"almMode":"Environment","performanceOptimizationEnabled":true,"canConsumeAppPass":true,"enableModernRuntimeMode":false,"executionRestrictions":{"isTeamsOnly":false,"dataLossPreventionEvaluationResult":{"status":"Compliant","lastEvaluationDate":"2021-12-14T00:18:46.567441Z","violations":[],"violationsByPolicy":[],"violationErrorMessage":"The app uses the following connectors: ."}}},"appType":"ClassicCanvasApp","appComponents":[]}}